account_id,customer_id,account_number,account_type,balance
1,489,ACC100000,Credit,44076.86
2,459,ACC100001,Current,8225.99
3,324,ACC100002,Savings,36346.16
4,98,ACC100003,Credit,12899.02
5,381,ACC100004,Savings,39737.3
6,102,ACC100005,Investment,49856.37
7,494,ACC100006,Credit,-438.65
8,132,ACC100007,Credit,44663.03
9,102,ACC100008,Credit,30376.79
10,19,ACC100009,Credit,48615.9
11,454,ACC100010,Investment,22180.49
12,482,ACC100011,Credit,42064.17
13,82,ACC100012,Current,1244.49
14,397,ACC100013,Credit,15434.51
15,489,ACC100014,Investment,1484.86
16,279,ACC100015,Credit,48717.84
17,339,ACC100016,Current,40482.64
18,365,ACC100017,Investment,42332.47
19,331,ACC100018,Investment,46774.19
20,129,ACC100019,Current,2425.38
21,344,ACC100020,Current,18051.07
22,310,ACC100021,Current,1693.81
23,455,ACC100022,Current,8961.24
24,89,ACC100023,Current,9927.02
25,213,ACC100024,Investment,22393.57
26,143,ACC100025,Investment,11965.23
27,65,ACC100026,Credit,3250.86
28,76,ACC100027,Credit,6709.54
29,199,ACC100028,Savings,5658.33
30,143,ACC100029,Credit,48599.99
31,405,ACC100030,Credit,37483.21
32,403,ACC100031,Current,48323.6
33,316,ACC100032,Current,20866.51
34,93,ACC100033,Credit,12475.16
35,473,ACC100034,Savings,39511.25
36,417,ACC100035,Current,14965.2
37,305,ACC100036,Credit,13567.94
38,224,ACC100037,Credit,10090.31
39,497,ACC100038,Investment,4743.31
40,291,ACC100039,Savings,11336.08
41,428,ACC100040,Investment,16476.63
42,102,ACC100041,Savings,33047.7
43,474,ACC100042,Current,1253.37
44,267,ACC100043,Savings,8946.36
45,355,ACC100044,Credit,40069.23
46,456,ACC100045,Credit,5639.94
47,110,ACC100046,Savings,15817.55
48,462,ACC100047,Savings,42962.26
49,330,ACC100048,Savings,6056.12
50,450,ACC100049,Investment,2302.32
51,430,ACC100050,Savings,23195.98
52,265,ACC100051,Current,13725.81
53,3,ACC100052,Investment,27297.23
54,85,ACC100053,Investment,39797.85
55,282,ACC100054,Savings,5131.72
56,328,ACC100055,Current,28196.35
57,304,ACC100056,Investment,24286.46
58,450,ACC100057,Credit,5492.1
59,454,ACC100058,Investment,30447.92
60,412,ACC100059,Savings,12229.3
61,117,ACC100060,Current,23367.38
62,221,ACC100061,Savings,2278.16
63,154,ACC100062,Credit,21898.37
64,153,ACC100063,Credit,13936.1
65,12,ACC100064,Credit,40763.82
66,133,ACC100065,Savings,962.89
67,482,ACC100066,Investment,19767.58
68,304,ACC100067,Savings,21838.43
69,293,ACC100068,Current,35700.32
70,463,ACC100069,Investment,27862.95
71,300,ACC100070,Credit,32695.04
72,228,ACC100071,Savings,38406.56
73,271,ACC100072,Credit,42834.55
74,43,ACC100073,Credit,14321.53
75,432,ACC100074,Current,25977.18
76,343,ACC100075,Investment,41685.62
77,326,ACC100076,Current,49451.46
78,302,ACC100077,Current,44255.0
79,498,ACC100078,Current,17316.3
80,364,ACC100079,Credit,8148.66
81,379,ACC100080,Current,23448.41
82,427,ACC100081,Current,36565.36
83,493,ACC100082,Investment,23613.59
84,21,ACC100083,Investment,23125.4
85,407,ACC100084,Current,41587.98
86,107,ACC100085,Investment,16793.0
87,336,ACC100086,Investment,42709.32
88,303,ACC100087,Current,19153.85
89,117,ACC100088,Credit,15068.12
90,124,ACC100089,Current,21607.48
91,399,ACC100090,Investment,37647.24
92,281,ACC100091,Credit,4552.11
93,292,ACC100092,Savings,8213.8
94,203,ACC100093,Credit,47475.13
95,51,ACC100094,Investment,7125.56
96,271,ACC100095,Credit,27521.82
97,324,ACC100096,Current,28124.35
98,277,ACC100097,Savings,23460.47
99,141,ACC100098,Savings,31526.75
100,470,ACC100099,Savings,9950.99
101,275,ACC100100,Investment,26738.44
102,290,ACC100101,Investment,17353.01
103,334,ACC100102,Savings,32406.7
104,381,ACC100103,Credit,5343.62
105,452,ACC100104,Savings,27685.63
106,496,ACC100105,Credit,7634.06
107,373,ACC100106,Credit,12489.44
108,52,ACC100107,Investment,9372.91
109,494,ACC100108,Credit,7507.56
110,27,ACC100109,Savings,40936.97
111,157,ACC100110,Investment,12856.79
112,239,ACC100111,Current,46210.44
113,156,ACC100112,Current,48436.18
114,291,ACC100113,Investment,27705.54
115,136,ACC100114,Savings,5436.06
116,144,ACC100115,Current,17476.51
117,106,ACC100116,Current,39482.08
118,420,ACC100117,Credit,17104.32
119,158,ACC100118,Credit,2524.9
120,146,ACC100119,Savings,26952.82
121,2,ACC100120,Investment,41946.28
122,433,ACC100121,Savings,39388.17
123,77,ACC100122,Investment,7106.4
124,132,ACC100123,Current,32983.76
125,90,ACC100124,Credit,9466.22
126,345,ACC100125,Savings,9346.79
127,350,ACC100126,Savings,43451.73
128,459,ACC100127,Investment,10982.79
129,263,ACC100128,Investment,11688.86
130,351,ACC100129,Savings,-1966.02
131,108,ACC100130,Investment,43274.79
132,74,ACC100131,Savings,39214.93
133,39,ACC100132,Savings,30621.1
134,397,ACC100133,Savings,37013.82
135,159,ACC100134,Current,5906.53
136,71,ACC100135,Investment,21832.83
137,447,ACC100136,Credit,16263.41
138,312,ACC100137,Credit,2876.38
139,241,ACC100138,Investment,23278.79
140,426,ACC100139,Savings,45878.46
141,445,ACC100140,Credit,83.07
142,298,ACC100141,Credit,13155.97
143,440,ACC100142,Investment,8792.13
144,36,ACC100143,Credit,10383.63
145,84,ACC100144,Savings,45238.6
146,452,ACC100145,Investment,22339.59
147,374,ACC100146,Savings,22247.57
148,263,ACC100147,Credit,37549.93
149,310,ACC100148,Credit,6033.59
150,385,ACC100149,Savings,23337.8
151,172,ACC100150,Current,20359.23
152,376,ACC100151,Credit,29039.36
153,173,ACC100152,Current,49977.0
154,362,ACC100153,Credit,38011.34
155,47,ACC100154,Current,18689.02
156,379,ACC100155,Current,41032.76
157,141,ACC100156,Current,6876.83
158,375,ACC100157,Savings,-415.89
159,406,ACC100158,Current,8631.32
160,118,ACC100159,Current,15701.4
161,277,ACC100160,Current,24550.2
162,214,ACC100161,Credit,29986.72
163,220,ACC100162,Current,45351.5
164,393,ACC100163,Credit,24512.41
165,26,ACC100164,Current,24066.33
166,9,ACC100165,Current,612.64
167,271,ACC100166,Savings,-184.6
168,10,ACC100167,Credit,26660.32
169,472,ACC100168,Current,20785.29
170,378,ACC100169,Credit,41637.38
171,121,ACC100170,Credit,6355.34
172,125,ACC100171,Investment,-701.47
173,170,ACC100172,Savings,21350.02
174,72,ACC100173,Savings,10348.88
175,152,ACC100174,Savings,579.95
176,208,ACC100175,Investment,35679.11
177,49,ACC100176,Investment,3802.84
178,154,ACC100177,Savings,29632.61
179,347,ACC100178,Investment,12614.59
180,293,ACC100179,Investment,7021.79
181,68,ACC100180,Investment,17747.08
182,50,ACC100181,Savings,39675.18
183,152,ACC100182,Savings,18388.87
184,19,ACC100183,Savings,37040.02
185,100,ACC100184,Investment,4525.29
186,60,ACC100185,Savings,38184.11
187,167,ACC100186,Investment,10320.53
188,202,ACC100187,Current,33224.44
189,345,ACC100188,Investment,27420.64
190,146,ACC100189,Credit,46315.53
191,403,ACC100190,Savings,18140.77
192,164,ACC100191,Savings,1440.59
193,458,ACC100192,Credit,-1003.91
194,481,ACC100193,Investment,40996.65
195,439,ACC100194,Current,25286.25
196,242,ACC100195,Credit,38312.69
197,69,ACC100196,Credit,10190.13
198,175,ACC100197,Investment,15944.35
199,49,ACC100198,Savings,-434.6
200,483,ACC100199,Investment,47997.6
201,108,ACC100200,Credit,32729.13
202,226,ACC100201,Credit,46526.66
203,161,ACC100202,Savings,11805.81
204,119,ACC100203,Savings,29796.11
205,149,ACC100204,Savings,33282.0
206,465,ACC100205,Investment,14512.58
207,150,ACC100206,Savings,42101.68
208,432,ACC100207,Credit,47252.4
209,293,ACC100208,Credit,44012.47
210,143,ACC100209,Current,36431.48
211,419,ACC100210,Investment,12428.16
212,476,ACC100211,Current,12644.03
213,455,ACC100212,Credit,48094.74
214,160,ACC100213,Current,-1465.21
215,11,ACC100214,Credit,35234.6
216,138,ACC100215,Current,34724.8
217,457,ACC100216,Savings,30379.86
218,78,ACC100217,Current,49485.66
219,77,ACC100218,Savings,14217.73
220,441,ACC100219,Savings,15678.54
221,254,ACC100220,Investment,2104.85
222,409,ACC100221,Savings,21025.5
223,258,ACC100222,Savings,11574.52
224,320,ACC100223,Current,15856.11
225,291,ACC100224,Credit,41397.73
226,263,ACC100225,Investment,46645.19
227,85,ACC100226,Savings,7658.12
228,146,ACC100227,Investment,17370.46
229,323,ACC100228,Current,46288.79
230,42,ACC100229,Savings,1214.04
231,374,ACC100230,Current,2802.75
232,125,ACC100231,Investment,6465.13
233,167,ACC100232,Current,28951.07
234,425,ACC100233,Investment,5824.56
235,241,ACC100234,Current,48339.97
236,459,ACC100235,Investment,21229.16
237,487,ACC100236,Credit,24078.93
238,280,ACC100237,Current,10826.25
239,188,ACC100238,Current,22489.93
240,302,ACC100239,Credit,32419.51
241,19,ACC100240,Credit,37061.21
242,68,ACC100241,Current,37201.14
243,218,ACC100242,Credit,28050.34
244,102,ACC100243,Savings,45026.71
245,42,ACC100244,Investment,40505.21
246,288,ACC100245,Investment,37366.5
247,167,ACC100246,Investment,891.49
248,109,ACC100247,Savings,-1642.35
249,494,ACC100248,Credit,9047.26
250,36,ACC100249,Credit,32503.23
251,232,ACC100250,Current,19382.27
252,229,ACC100251,Credit,18925.13
253,353,ACC100252,Current,43998.52
254,164,ACC100253,Savings,44569.27
255,387,ACC100254,Investment,45277.11
256,73,ACC100255,Investment,14321.66
257,136,ACC100256,Investment,33934.9
258,353,ACC100257,Credit,12124.93
259,379,ACC100258,Current,7911.71
260,70,ACC100259,Current,7600.89
261,425,ACC100260,Savings,15789.6
262,487,ACC100261,Credit,20357.8
263,196,ACC100262,Savings,41209.36
264,269,ACC100263,Current,4234.34
265,49,ACC100264,Current,36216.14
266,316,ACC100265,Investment,25635.66
267,130,ACC100266,Credit,12973.16
268,444,ACC100267,Current,23626.62
269,5,ACC100268,Investment,13596.99
270,428,ACC100269,Credit,28996.26
271,27,ACC100270,Savings,20559.88
272,160,ACC100271,Credit,6549.09
273,149,ACC100272,Credit,4062.32
274,264,ACC100273,Current,26428.18
275,230,ACC100274,Current,44925.48
276,200,ACC100275,Credit,15885.8
277,50,ACC100276,Current,36116.01
278,67,ACC100277,Current,32250.39
279,300,ACC100278,Current,46440.86
280,381,ACC100279,Investment,40691.01
281,58,ACC100280,Investment,27463.47
282,259,ACC100281,Credit,32165.59
283,342,ACC100282,Current,44716.1
284,326,ACC100283,Investment,18774.98
285,130,ACC100284,Credit,14993.32
286,215,ACC100285,Current,-1437.82
287,172,ACC100286,Savings,40980.66
288,258,ACC100287,Current,39651.0
289,102,ACC100288,Current,3431.63
290,209,ACC100289,Investment,27996.58
291,291,ACC100290,Credit,22127.05
292,354,ACC100291,Credit,4172.87
293,471,ACC100292,Investment,48989.55
294,286,ACC100293,Current,9164.19
295,116,ACC100294,Savings,1496.18
296,264,ACC100295,Current,28932.06
297,150,ACC100296,Current,36421.07
298,300,ACC100297,Savings,-312.94
299,442,ACC100298,Investment,32253.32
300,36,ACC100299,Credit,25679.18
301,453,ACC100300,Investment,3369.78
302,333,ACC100301,Investment,6971.24
303,477,ACC100302,Current,27534.66
304,287,ACC100303,Credit,13410.6
305,303,ACC100304,Credit,46792.42
306,311,ACC100305,Investment,40574.49
307,208,ACC100306,Savings,49145.49
308,106,ACC100307,Investment,11502.88
309,446,ACC100308,Savings,48425.63
310,158,ACC100309,Credit,20424.16
311,121,ACC100310,Investment,16070.98
312,55,ACC100311,Current,618.18
313,400,ACC100312,Investment,743.79
314,12,ACC100313,Credit,33984.59
315,145,ACC100314,Current,21812.31
316,400,ACC100315,Current,9779.12
317,396,ACC100316,Savings,29926.46
318,136,ACC100317,Current,11148.62
319,468,ACC100318,Current,28036.85
320,3,ACC100319,Investment,16678.85
321,144,ACC100320,Credit,40824.72
322,30,ACC100321,Savings,40676.2
323,237,ACC100322,Investment,22822.22
324,279,ACC100323,Current,16242.59
325,348,ACC100324,Current,16853.11
326,115,ACC100325,Savings,39897.16
327,104,ACC100326,Credit,15065.33
328,118,ACC100327,Savings,8871.09
329,5,ACC100328,Investment,2403.79
330,468,ACC100329,Savings,22268.04
331,360,ACC100330,Current,23070.87
332,248,ACC100331,Investment,41727.25
333,364,ACC100332,Current,9504.41
334,321,ACC100333,Credit,17811.55
335,121,ACC100334,Current,40037.1
336,286,ACC100335,Current,40828.43
337,149,ACC100336,Savings,17999.78
338,84,ACC100337,Current,21874.45
339,454,ACC100338,Investment,13770.87
340,406,ACC100339,Investment,46492.85
341,466,ACC100340,Credit,4169.48
342,456,ACC100341,Investment,46554.97
343,231,ACC100342,Savings,33561.06
344,288,ACC100343,Credit,25641.75
345,161,ACC100344,Investment,-301.73
346,272,ACC100345,Savings,22731.0
347,460,ACC100346,Investment,19202.9
348,38,ACC100347,Investment,6383.38
349,500,ACC100348,Current,32133.3
350,226,ACC100349,Investment,48499.85
351,142,ACC100350,Investment,27233.82
352,292,ACC100351,Savings,35167.17
353,481,ACC100352,Savings,1559.42
354,151,ACC100353,Current,19718.68
355,114,ACC100354,Investment,4050.64
356,237,ACC100355,Current,29865.38
357,66,ACC100356,Investment,46801.07
358,361,ACC100357,Credit,32412.44
359,341,ACC100358,Credit,1993.76
360,258,ACC100359,Current,16442.64
361,475,ACC100360,Current,26634.5
362,249,ACC100361,Current,18966.8
363,457,ACC100362,Savings,41349.49
364,449,ACC100363,Savings,40362.89
365,331,ACC100364,Savings,29815.21
366,323,ACC100365,Current,17419.81
367,180,ACC100366,Investment,11277.49
368,190,ACC100367,Credit,3505.46
369,407,ACC100368,Current,16454.68
370,154,ACC100369,Savings,19484.97
371,196,ACC100370,Savings,33142.79
372,466,ACC100371,Current,32224.31
373,311,ACC100372,Current,1645.62
374,262,ACC100373,Savings,18553.48
375,419,ACC100374,Investment,7452.5
376,406,ACC100375,Savings,6154.26
377,427,ACC100376,Savings,41019.71
378,143,ACC100377,Current,179.59
379,342,ACC100378,Investment,19797.51
380,316,ACC100379,Savings,6746.59
381,101,ACC100380,Savings,43725.17
382,244,ACC100381,Credit,26966.11
383,490,ACC100382,Current,10031.79
384,12,ACC100383,Credit,24126.22
385,239,ACC100384,Credit,36037.29
386,49,ACC100385,Savings,47822.14
387,42,ACC100386,Current,9463.19
388,166,ACC100387,Investment,44081.45
389,82,ACC100388,Savings,46583.81
390,429,ACC100389,Investment,45653.87
391,291,ACC100390,Investment,31041.55
392,158,ACC100391,Current,30750.67
393,216,ACC100392,Credit,18966.95
394,490,ACC100393,Current,37124.69
395,158,ACC100394,Investment,25627.29
396,462,ACC100395,Savings,33226.78
397,134,ACC100396,Investment,20279.81
398,67,ACC100397,Savings,36037.82
399,336,ACC100398,Savings,40872.52
400,7,ACC100399,Current,5614.69
401,436,ACC100400,Investment,41312.35
402,14,ACC100401,Credit,26095.42
403,73,ACC100402,Investment,41922.63
404,399,ACC100403,Investment,20427.69
405,405,ACC100404,Credit,17710.11
406,163,ACC100405,Current,45583.16
407,66,ACC100406,Investment,11060.8
408,347,ACC100407,Investment,41899.04
409,130,ACC100408,Savings,23169.07
410,419,ACC100409,Investment,24732.96
411,466,ACC100410,Credit,14040.35
412,206,ACC100411,Savings,27798.19
413,276,ACC100412,Current,14910.98
414,466,ACC100413,Savings,42.01
415,256,ACC100414,Credit,12143.93
416,266,ACC100415,Credit,-1668.29
417,25,ACC100416,Savings,48874.45
418,450,ACC100417,Current,48218.85
419,281,ACC100418,Savings,18548.08
420,253,ACC100419,Current,35875.28
421,310,ACC100420,Savings,15981.92
422,289,ACC100421,Credit,32896.84
423,164,ACC100422,Investment,39882.36
424,95,ACC100423,Investment,47231.32
425,270,ACC100424,Current,18811.04
426,321,ACC100425,Current,38731.5
427,110,ACC100426,Current,11828.28
428,336,ACC100427,Credit,49497.28
429,310,ACC100428,Savings,-659.98
430,238,ACC100429,Credit,29383.5
431,381,ACC100430,Investment,32294.31
432,436,ACC100431,Current,33778.37
433,387,ACC100432,Savings,4260.15
434,483,ACC100433,Investment,46803.55
435,425,ACC100434,Investment,7421.53
436,390,ACC100435,Investment,30383.18
437,25,ACC100436,Credit,9579.16
438,141,ACC100437,Current,13975.25
439,117,ACC100438,Investment,26415.84
440,482,ACC100439,Current,19694.06
441,392,ACC100440,Credit,6331.73
442,405,ACC100441,Investment,6888.69
443,482,ACC100442,Credit,19743.53
444,452,ACC100443,Credit,37378.71
445,25,ACC100444,Current,44694.16
446,79,ACC100445,Investment,2374.64
447,68,ACC100446,Credit,18441.4
448,173,ACC100447,Investment,3212.77
449,444,ACC100448,Current,-1137.19
450,12,ACC100449,Credit,32409.37
451,288,ACC100450,Current,29327.37
452,128,ACC100451,Investment,6476.99
453,96,ACC100452,Investment,10158.27
454,92,ACC100453,Current,-767.2
455,141,ACC100454,Savings,41417.25
456,31,ACC100455,Credit,48683.91
457,334,ACC100456,Investment,5043.9
458,20,ACC100457,Investment,10036.71
459,146,ACC100458,Credit,43157.3
460,477,ACC100459,Current,46176.12
461,316,ACC100460,Current,19820.62
462,447,ACC100461,Current,632.37
463,390,ACC100462,Savings,48.38
464,160,ACC100463,Savings,27845.39
465,349,ACC100464,Investment,18430.55
466,43,ACC100465,Current,-510.07
467,254,ACC100466,Credit,28329.12
468,130,ACC100467,Investment,-1412.27
469,60,ACC100468,Credit,38943.34
470,151,ACC100469,Investment,13934.51
471,467,ACC100470,Savings,93.42
472,287,ACC100471,Investment,28594.32
473,499,ACC100472,Savings,18679.59
474,5,ACC100473,Investment,48637.62
475,467,ACC100474,Current,26298.33
476,418,ACC100475,Credit,12312.44
477,266,ACC100476,Current,34890.82
478,345,ACC100477,Investment,12117.58
479,130,ACC100478,Investment,45020.65
480,382,ACC100479,Investment,17485.54
481,267,ACC100480,Savings,26593.17
482,178,ACC100481,Credit,629.8
483,253,ACC100482,Credit,20158.3
484,415,ACC100483,Investment,41282.9
485,56,ACC100484,Investment,39893.74
486,463,ACC100485,Savings,9664.57
487,457,ACC100486,Current,9756.11
488,471,ACC100487,Current,40499.88
489,83,ACC100488,Credit,46380.72
490,393,ACC100489,Savings,2958.77
491,99,ACC100490,Investment,21403.05
492,149,ACC100491,Credit,15547.62
493,329,ACC100492,Savings,43275.8
494,156,ACC100493,Current,2343.3
495,190,ACC100494,Savings,8978.55
496,494,ACC100495,Current,37128.35
497,371,ACC100496,Savings,667.28
498,263,ACC100497,Credit,23611.84
499,80,ACC100498,Current,20989.57
500,400,ACC100499,Credit,15388.86
501,252,ACC100500,Credit,18517.76
502,97,ACC100501,Current,25556.91
503,260,ACC100502,Current,6391.1
504,260,ACC100503,Investment,27743.79
505,103,ACC100504,Investment,39882.48
506,40,ACC100505,Investment,37528.37
507,273,ACC100506,Credit,6002.8
508,101,ACC100507,Credit,5760.97
509,359,ACC100508,Investment,11945.07
510,380,ACC100509,Credit,16775.89
511,308,ACC100510,Credit,19239.69
512,221,ACC100511,Current,33344.26
513,308,ACC100512,Current,947.38
514,420,ACC100513,Credit,-197.02
515,124,ACC100514,Investment,18379.35
516,422,ACC100515,Savings,34252.51
517,231,ACC100516,Investment,8058.64
518,178,ACC100517,Savings,31358.23
519,63,ACC100518,Investment,11511.06
520,485,ACC100519,Current,44076.48
521,116,ACC100520,Credit,44575.88
522,191,ACC100521,Credit,13458.93
523,62,ACC100522,Current,9959.68
524,256,ACC100523,Savings,19387.81
525,483,ACC100524,Savings,10507.64
526,7,ACC100525,Savings,32963.96
527,155,ACC100526,Current,40955.36
528,92,ACC100527,Savings,33000.79
529,470,ACC100528,Current,40866.22
530,14,ACC100529,Investment,18643.59
531,455,ACC100530,Investment,6128.48
532,229,ACC100531,Current,36373.45
533,86,ACC100532,Credit,16744.67
534,133,ACC100533,Investment,32906.08
535,183,ACC100534,Savings,12073.48
536,386,ACC100535,Current,2223.94
537,62,ACC100536,Savings,49614.25
538,219,ACC100537,Savings,6122.48
539,405,ACC100538,Credit,49397.89
540,246,ACC100539,Savings,48818.56
541,230,ACC100540,Credit,39278.54
542,79,ACC100541,Investment,32289.99
543,149,ACC100542,Current,28045.97
544,138,ACC100543,Savings,43037.28
545,471,ACC100544,Current,13050.86
546,314,ACC100545,Savings,22319.42
547,376,ACC100546,Current,30208.28
548,423,ACC100547,Savings,19381.9
549,389,ACC100548,Savings,20229.3
550,65,ACC100549,Savings,15174.8
551,13,ACC100550,Savings,27340.05
552,213,ACC100551,Savings,42229.88
553,474,ACC100552,Savings,8479.48
554,242,ACC100553,Savings,46590.52
555,493,ACC100554,Savings,33832.56
556,213,ACC100555,Savings,40810.21
557,181,ACC100556,Current,26921.92
558,338,ACC100557,Credit,38534.87
559,485,ACC100558,Savings,-1157.58
560,173,ACC100559,Credit,40555.78
561,160,ACC100560,Savings,87.22
562,164,ACC100561,Savings,44275.5
563,465,ACC100562,Current,49582.06
564,483,ACC100563,Investment,13291.51
565,497,ACC100564,Investment,8936.56
566,188,ACC100565,Current,37798.89
567,395,ACC100566,Credit,11157.37
568,191,ACC100567,Investment,43009.24
569,405,ACC100568,Current,3347.81
570,308,ACC100569,Current,4549.67
571,256,ACC100570,Investment,48915.88
572,183,ACC100571,Credit,33039.62
573,117,ACC100572,Current,42038.14
574,282,ACC100573,Savings,14865.13
575,196,ACC100574,Credit,33177.15
576,34,ACC100575,Credit,28900.58
577,52,ACC100576,Investment,29363.81
578,112,ACC100577,Investment,33491.69
579,252,ACC100578,Savings,27918.68
580,82,ACC100579,Current,20311.24
581,232,ACC100580,Investment,12347.98
582,227,ACC100581,Investment,37966.23
583,233,ACC100582,Credit,9766.17
584,221,ACC100583,Investment,34002.42
585,436,ACC100584,Investment,10133.31
586,413,ACC100585,Investment,30517.17
587,422,ACC100586,Investment,36848.07
588,42,ACC100587,Credit,9373.12
589,21,ACC100588,Savings,1117.05
590,42,ACC100589,Savings,4810.63
591,397,ACC100590,Current,29511.84
592,113,ACC100591,Investment,42171.21
593,105,ACC100592,Credit,339.83
594,192,ACC100593,Current,36175.87
595,17,ACC100594,Current,15748.57
596,120,ACC100595,Savings,22883.48
597,393,ACC100596,Credit,46300.7
598,425,ACC100597,Credit,15262.52
599,129,ACC100598,Credit,22197.52
600,130,ACC100599,Savings,-1288.51
601,60,ACC100600,Savings,2243.13
602,48,ACC100601,Savings,11446.76
603,29,ACC100602,Savings,-551.68
604,97,ACC100603,Savings,30831.52
605,10,ACC100604,Investment,20172.71
606,242,ACC100605,Investment,26503.55
607,314,ACC100606,Credit,7081.65
608,444,ACC100607,Current,13388.47
609,232,ACC100608,Credit,32518.87
610,277,ACC100609,Current,48195.74
611,284,ACC100610,Savings,621.67
612,203,ACC100611,Current,44299.98
613,247,ACC100612,Credit,27997.82
614,290,ACC100613,Credit,27323.82
615,264,ACC100614,Current,24014.48
616,443,ACC100615,Investment,1608.49
617,214,ACC100616,Savings,2673.6
618,200,ACC100617,Savings,29247.42
619,433,ACC100618,Credit,15729.85
620,79,ACC100619,Investment,45697.94
621,401,ACC100620,Current,19142.71
622,444,ACC100621,Savings,5450.64
623,343,ACC100622,Investment,35165.38
624,344,ACC100623,Savings,13254.38
625,173,ACC100624,Investment,25324.46
626,467,ACC100625,Investment,34287.3
627,69,ACC100626,Credit,44813.73
628,416,ACC100627,Savings,39193.94
629,428,ACC100628,Current,33170.78
630,449,ACC100629,Credit,33340.93
631,87,ACC100630,Credit,47188.08
632,101,ACC100631,Current,13382.85
633,8,ACC100632,Credit,-1942.17
634,333,ACC100633,Investment,12141.64
635,200,ACC100634,Investment,9330.35
636,87,ACC100635,Savings,32415.4
637,43,ACC100636,Savings,30953.0
638,385,ACC100637,Current,28859.99
639,109,ACC100638,Savings,-1155.34
640,435,ACC100639,Investment,35896.46
641,408,ACC100640,Current,14823.58
642,483,ACC100641,Current,32582.91
643,152,ACC100642,Savings,26942.08
644,17,ACC100643,Investment,15822.01
645,133,ACC100644,Current,4997.97
646,148,ACC100645,Investment,2909.78
647,277,ACC100646,Investment,41238.95
648,232,ACC100647,Investment,45756.67
649,314,ACC100648,Savings,31788.98
650,415,ACC100649,Credit,3378.57
651,366,ACC100650,Credit,18905.42
652,228,ACC100651,Current,35904.84
653,139,ACC100652,Investment,38550.69
654,436,ACC100653,Savings,4147.37
655,399,ACC100654,Investment,-1998.4
656,211,ACC100655,Investment,35031.13
657,391,ACC100656,Savings,16543.0
658,499,ACC100657,Credit,11233.03
659,28,ACC100658,Investment,-1329.33
660,51,ACC100659,Investment,26095.57
661,491,ACC100660,Credit,42259.84
662,442,ACC100661,Savings,47796.85
663,261,ACC100662,Current,27418.74
664,261,ACC100663,Credit,24751.99
665,350,ACC100664,Current,2422.93
666,352,ACC100665,Current,26541.39
667,8,ACC100666,Credit,17758.91
668,320,ACC100667,Investment,29571.03
669,138,ACC100668,Current,18213.77
670,38,ACC100669,Current,10495.55
671,111,ACC100670,Savings,2938.19
672,480,ACC100671,Investment,14375.76
673,368,ACC100672,Current,3025.53
674,220,ACC100673,Savings,7198.64
675,337,ACC100674,Investment,49341.48
676,223,ACC100675,Credit,21093.38
677,136,ACC100676,Credit,25657.33
678,256,ACC100677,Savings,43428.16
679,360,ACC100678,Credit,49769.58
680,409,ACC100679,Current,28301.15
681,329,ACC100680,Investment,40248.64
682,450,ACC100681,Current,15000.93
683,463,ACC100682,Current,13898.69
684,434,ACC100683,Credit,18940.59
685,451,ACC100684,Current,32970.38
686,49,ACC100685,Credit,33473.97
687,292,ACC100686,Investment,14392.45
688,382,ACC100687,Investment,4926.92
689,324,ACC100688,Current,30884.61
690,78,ACC100689,Savings,4672.94
691,105,ACC100690,Credit,28081.61
692,169,ACC100691,Credit,34057.95
693,217,ACC100692,Current,34431.8
694,378,ACC100693,Credit,37180.55
695,119,ACC100694,Credit,43388.69
696,190,ACC100695,Savings,23997.87
697,255,ACC100696,Savings,35972.96
698,370,ACC100697,Current,30196.98
699,266,ACC100698,Savings,7705.28
700,149,ACC100699,Current,-664.14
701,164,ACC100700,Investment,12796.15
702,140,ACC100701,Current,21037.75
703,347,ACC100702,Investment,30089.51
704,488,ACC100703,Current,42197.89
705,258,ACC100704,Credit,8204.78
706,374,ACC100705,Savings,4528.59
707,269,ACC100706,Investment,48100.96
708,181,ACC100707,Current,3618.32
709,160,ACC100708,Savings,22881.54
710,351,ACC100709,Current,28449.31
711,400,ACC100710,Savings,26151.47
712,288,ACC100711,Savings,2473.67
713,288,ACC100712,Current,965.4
714,380,ACC100713,Investment,3485.14
715,226,ACC100714,Investment,28450.56
716,11,ACC100715,Credit,26305.93
717,10,ACC100716,Savings,10154.52
718,271,ACC100717,Credit,31164.26
719,273,ACC100718,Credit,40643.51
720,424,ACC100719,Current,162.11
721,402,ACC100720,Current,23902.76
722,183,ACC100721,Current,33844.14
723,457,ACC100722,Savings,11120.22
724,153,ACC100723,Current,14004.09
725,488,ACC100724,Current,29909.17
726,315,ACC100725,Savings,44692.64
727,334,ACC100726,Savings,40116.07
728,124,ACC100727,Investment,28322.77
729,473,ACC100728,Current,35971.53
730,114,ACC100729,Current,16970.77
731,278,ACC100730,Current,31330.21
732,500,ACC100731,Investment,22241.44
733,414,ACC100732,Current,7876.68
734,468,ACC100733,Investment,34490.39
735,213,ACC100734,Credit,26936.16
736,172,ACC100735,Investment,16648.32
737,288,ACC100736,Credit,45389.64
738,435,ACC100737,Current,-911.43
739,174,ACC100738,Credit,14420.2
740,113,ACC100739,Investment,957.83
741,376,ACC100740,Savings,37859.42
742,405,ACC100741,Credit,34509.59
743,483,ACC100742,Credit,15230.32
744,122,ACC100743,Current,33134.47
745,32,ACC100744,Investment,18588.74
746,222,ACC100745,Credit,37325.2
747,119,ACC100746,Credit,21617.55
748,39,ACC100747,Credit,19438.55
749,497,ACC100748,Credit,46605.96
750,268,ACC100749,Savings,11045.71
751,233,ACC100750,Investment,4263.26
752,431,ACC100751,Current,28396.24
753,18,ACC100752,Current,48404.73
754,149,ACC100753,Savings,17647.64
755,397,ACC100754,Investment,1225.91
756,149,ACC100755,Credit,15643.87
757,126,ACC100756,Savings,24308.45
758,392,ACC100757,Investment,6420.0
759,302,ACC100758,Credit,32221.32
760,360,ACC100759,Savings,49882.97
761,238,ACC100760,Investment,21490.45
762,135,ACC100761,Current,16445.88
763,151,ACC100762,Current,18836.62
764,236,ACC100763,Investment,3987.6
765,224,ACC100764,Current,43930.23
766,203,ACC100765,Investment,19570.93
767,256,ACC100766,Credit,18138.27
768,86,ACC100767,Investment,32303.89
769,150,ACC100768,Credit,20985.74
770,235,ACC100769,Savings,31708.14
771,345,ACC100770,Investment,1195.21
772,22,ACC100771,Savings,40313.61
773,348,ACC100772,Current,46906.21
774,285,ACC100773,Credit,31735.8
775,269,ACC100774,Investment,47637.43
776,466,ACC100775,Savings,5874.48
777,258,ACC100776,Credit,22825.64
778,29,ACC100777,Credit,29293.95
779,213,ACC100778,Current,28250.31
780,463,ACC100779,Current,18876.01
781,436,ACC100780,Credit,15580.39
782,283,ACC100781,Credit,4594.85
783,50,ACC100782,Investment,18370.61
784,95,ACC100783,Credit,6458.36
785,463,ACC100784,Investment,36187.02
786,499,ACC100785,Credit,8859.21
787,407,ACC100786,Current,1045.4
788,88,ACC100787,Investment,26723.04
789,44,ACC100788,Savings,28951.95
790,461,ACC100789,Current,43339.48
791,278,ACC100790,Investment,28003.04
792,171,ACC100791,Investment,15965.0
793,421,ACC100792,Savings,39756.62
794,189,ACC100793,Investment,26094.5
795,353,ACC100794,Credit,2122.57
796,184,ACC100795,Savings,27424.23
797,3,ACC100796,Current,45216.96
798,191,ACC100797,Current,18608.26
799,118,ACC100798,Credit,13408.94
800,19,ACC100799,Current,5460.41
801,23,ACC100800,Investment,5875.17
802,413,ACC100801,Investment,20504.12
803,30,ACC100802,Credit,28975.35
804,295,ACC100803,Current,2192.0
805,108,ACC100804,Current,46857.57
806,367,ACC100805,Credit,37266.95
807,281,ACC100806,Savings,28504.44
808,128,ACC100807,Current,41078.81
809,229,ACC100808,Savings,2169.71
810,111,ACC100809,Current,22795.62
811,136,ACC100810,Current,30764.84
812,362,ACC100811,Current,41089.95
813,186,ACC100812,Current,38740.42
814,144,ACC100813,Investment,12407.6
815,72,ACC100814,Savings,46925.77
816,129,ACC100815,Savings,4465.98
817,364,ACC100816,Current,43506.95
818,261,ACC100817,Current,48488.89
819,3,ACC100818,Savings,7211.98
820,449,ACC100819,Investment,35547.44
821,388,ACC100820,Credit,94.85
822,104,ACC100821,Credit,19081.99
823,483,ACC100822,Savings,24846.73
824,224,ACC100823,Current,28193.55
825,320,ACC100824,Current,46668.74
826,362,ACC100825,Investment,32957.04
827,354,ACC100826,Credit,23026.45
828,491,ACC100827,Investment,40103.1
829,473,ACC100828,Credit,47427.71
830,10,ACC100829,Savings,-852.56
831,405,ACC100830,Credit,49091.11
832,384,ACC100831,Investment,2478.87
833,302,ACC100832,Investment,40348.11
834,231,ACC100833,Investment,12577.41
835,219,ACC100834,Savings,4873.34
836,411,ACC100835,Credit,20872.49
837,66,ACC100836,Credit,31485.74
838,425,ACC100837,Investment,17809.5
839,112,ACC100838,Credit,837.4
840,13,ACC100839,Current,29171.98
841,393,ACC100840,Current,44924.97
842,500,ACC100841,Current,17927.2
843,420,ACC100842,Credit,9249.3
844,86,ACC100843,Savings,21014.02
845,234,ACC100844,Savings,514.86
846,90,ACC100845,Savings,40665.35
847,314,ACC100846,Savings,40969.72
848,54,ACC100847,Current,28576.02
849,12,ACC100848,Current,16361.35
850,209,ACC100849,Investment,39588.73
851,462,ACC100850,Credit,26843.73
852,14,ACC100851,Credit,40948.48
853,121,ACC100852,Savings,30835.86
854,418,ACC100853,Current,38789.08
855,437,ACC100854,Savings,29125.28
856,377,ACC100855,Investment,19535.34
857,20,ACC100856,Credit,47813.18
858,75,ACC100857,Credit,26137.92
859,400,ACC100858,Savings,29464.65
860,243,ACC100859,Investment,9465.36
861,223,ACC100860,Credit,30533.84
862,70,ACC100861,Investment,27723.6
863,312,ACC100862,Investment,7611.6
864,211,ACC100863,Savings,1098.53
865,101,ACC100864,Current,29426.68
866,186,ACC100865,Savings,37712.0
867,132,ACC100866,Current,25216.87
868,111,ACC100867,Investment,9792.18
869,381,ACC100868,Current,32659.14
870,132,ACC100869,Investment,2165.5
871,20,ACC100870,Credit,20975.35
872,394,ACC100871,Credit,6495.07
873,24,ACC100872,Credit,7591.87
874,227,ACC100873,Savings,8519.29
875,154,ACC100874,Savings,18108.77
876,293,ACC100875,Investment,659.81
877,230,ACC100876,Credit,18685.26
878,469,ACC100877,Savings,24608.79
879,310,ACC100878,Credit,23131.3
880,488,ACC100879,Savings,17904.77
881,359,ACC100880,Current,41635.62
882,405,ACC100881,Current,5556.99
883,202,ACC100882,Credit,24296.23
884,38,ACC100883,Investment,1226.15
885,430,ACC100884,Savings,1700.1
886,260,ACC100885,Savings,27841.02
887,188,ACC100886,Current,27432.96
888,57,ACC100887,Current,43657.74
889,429,ACC100888,Investment,27009.43
890,20,ACC100889,Investment,47909.13
891,273,ACC100890,Investment,532.13
892,119,ACC100891,Credit,3096.4
893,71,ACC100892,Current,291.42
894,4,ACC100893,Credit,7634.4
895,221,ACC100894,Current,26146.05
896,14,ACC100895,Current,31569.75
897,3,ACC100896,Savings,370.43
898,216,ACC100897,Current,47190.49
899,229,ACC100898,Current,41792.6
900,336,ACC100899,Credit,13423.85
901,186,ACC100900,Current,2013.75
902,55,ACC100901,Credit,6834.13
903,500,ACC100902,Investment,4601.11
904,388,ACC100903,Current,4410.76
905,376,ACC100904,Current,24965.21
906,254,ACC100905,Credit,10784.07
907,24,ACC100906,Investment,16623.27
908,162,ACC100907,Savings,49454.28
909,158,ACC100908,Investment,33584.34
910,82,ACC100909,Credit,47346.99
911,403,ACC100910,Investment,5412.94
912,159,ACC100911,Credit,17871.25
913,188,ACC100912,Credit,26846.05
914,60,ACC100913,Savings,1991.42
915,403,ACC100914,Current,-1782.25
916,305,ACC100915,Credit,32862.59
917,319,ACC100916,Credit,31374.61
918,366,ACC100917,Savings,19361.02
919,211,ACC100918,Credit,23461.49
920,406,ACC100919,Current,19603.04
921,152,ACC100920,Savings,-751.74
922,109,ACC100921,Current,15439.32
923,76,ACC100922,Current,7208.28
924,30,ACC100923,Savings,3118.06
925,314,ACC100924,Credit,47749.46
926,486,ACC100925,Current,29166.71
927,117,ACC100926,Current,35890.13
928,415,ACC100927,Current,14398.91
929,356,ACC100928,Current,18443.65
930,192,ACC100929,Savings,10320.05
931,19,ACC100930,Savings,3042.21
932,432,ACC100931,Investment,7309.65
933,173,ACC100932,Investment,39470.73
934,228,ACC100933,Current,33232.38
935,350,ACC100934,Credit,26440.3
936,183,ACC100935,Current,22704.67
937,113,ACC100936,Credit,45966.58
938,183,ACC100937,Current,1782.22
939,481,ACC100938,Investment,12591.24
940,146,ACC100939,Investment,16196.77
941,319,ACC100940,Credit,38686.14
942,116,ACC100941,Current,49610.76
943,113,ACC100942,Credit,10514.87
944,251,ACC100943,Investment,43463.98
945,476,ACC100944,Current,41192.38
946,251,ACC100945,Current,9682.18
947,303,ACC100946,Credit,18765.29
948,459,ACC100947,Savings,19302.99
949,313,ACC100948,Credit,48867.47
950,118,ACC100949,Investment,7406.38
951,301,ACC100950,Investment,39556.21
952,161,ACC100951,Investment,15378.02
953,401,ACC100952,Investment,36005.26
954,198,ACC100953,Investment,19840.57
955,260,ACC100954,Savings,28074.71
956,148,ACC100955,Current,41295.81
957,240,ACC100956,Credit,39816.61
958,47,ACC100957,Credit,43054.01
959,475,ACC100958,Investment,1100.1
960,399,ACC100959,Credit,33986.63
961,198,ACC100960,Investment,5279.34
962,47,ACC100961,Savings,19622.57
963,78,ACC100962,Savings,26526.6
964,124,ACC100963,Current,18942.45
965,75,ACC100964,Savings,25019.81
966,359,ACC100965,Savings,49819.37
967,137,ACC100966,Current,5031.3
968,90,ACC100967,Credit,33123.71
969,400,ACC100968,Investment,18592.05
970,325,ACC100969,Investment,4916.51
971,500,ACC100970,Credit,6254.31
972,61,ACC100971,Current,47362.2
973,138,ACC100972,Credit,43739.28
974,50,ACC100973,Savings,45166.18
975,259,ACC100974,Current,49559.7
976,461,ACC100975,Current,8832.4
977,107,ACC100976,Current,16482.85
978,113,ACC100977,Investment,32799.39
979,350,ACC100978,Credit,23157.73
980,254,ACC100979,Current,19756.26
981,118,ACC100980,Current,16606.18
982,493,ACC100981,Current,28876.59
983,198,ACC100982,Credit,27930.86
984,337,ACC100983,Investment,6395.81
985,365,ACC100984,Savings,22530.47
986,51,ACC100985,Investment,26780.53
987,245,ACC100986,Current,27654.92
988,403,ACC100987,Investment,8925.57
989,426,ACC100988,Investment,36598.11
990,35,ACC100989,Savings,-689.65
991,302,ACC100990,Credit,16451.26
992,410,ACC100991,Credit,38571.06
993,499,ACC100992,Investment,27322.43
994,69,ACC100993,Investment,11580.45
995,349,ACC100994,Credit,34137.56
996,320,ACC100995,Credit,27504.33
997,421,ACC100996,Savings,39404.67
998,468,ACC100997,Current,36221.31
999,49,ACC100998,Investment,29725.61
1000,405,ACC100999,Credit,23385.24
1001,74,ACC101000,Investment,4925.47
1002,192,ACC101001,Investment,11589.32
1003,261,ACC101002,Credit,19793.17
1004,356,ACC101003,Savings,29163.56
1005,70,ACC101004,Investment,24712.81
1006,90,ACC101005,Savings,12985.6
1007,260,ACC101006,Credit,-1663.85
1008,126,ACC101007,Current,23804.44
1009,231,ACC101008,Current,12852.55
1010,295,ACC101009,Investment,36199.63
1011,498,ACC101010,Credit,-754.79
1012,419,ACC101011,Savings,28411.05
1013,129,ACC101012,Investment,46956.66
1014,280,ACC101013,Credit,7069.28
1015,313,ACC101014,Credit,22525.77
1016,100,ACC101015,Savings,2753.94
1017,326,ACC101016,Investment,30535.46
1018,297,ACC101017,Credit,26627.65
1019,182,ACC101018,Credit,19183.01
1020,174,ACC101019,Credit,25111.61
1021,316,ACC101020,Savings,44621.88
1022,364,ACC101021,Investment,8207.3
1023,188,ACC101022,Investment,-826.65
1024,57,ACC101023,Investment,42806.57
1025,31,ACC101024,Investment,28010.09
1026,84,ACC101025,Current,44314.24
1027,152,ACC101026,Current,29041.15
1028,473,ACC101027,Investment,40128.38
1029,36,ACC101028,Savings,20343.01
1030,213,ACC101029,Current,36992.72
1031,414,ACC101030,Credit,45478.16
1032,408,ACC101031,Current,27750.39
1033,364,ACC101032,Credit,7400.83
1034,106,ACC101033,Investment,11977.48
1035,414,ACC101034,Current,8329.52
1036,342,ACC101035,Savings,10836.57
1037,220,ACC101036,Current,13933.6
1038,391,ACC101037,Current,26866.96
1039,163,ACC101038,Current,28575.56
1040,439,ACC101039,Investment,20177.99
1041,220,ACC101040,Savings,30001.88
1042,270,ACC101041,Current,2241.9
1043,120,ACC101042,Savings,2564.99
1044,394,ACC101043,Investment,6935.13
1045,336,ACC101044,Credit,24940.03
1046,400,ACC101045,Current,9127.72
1047,182,ACC101046,Savings,12730.79
1048,479,ACC101047,Savings,18816.27
1049,106,ACC101048,Investment,40217.04
1050,217,ACC101049,Current,-1279.17
1051,205,ACC101050,Credit,31767.7
1052,70,ACC101051,Savings,32781.58
1053,44,ACC101052,Current,39530.1
1054,329,ACC101053,Credit,46503.15
1055,301,ACC101054,Savings,-952.83
1056,228,ACC101055,Savings,5996.75
1057,184,ACC101056,Credit,44080.91
1058,107,ACC101057,Credit,21842.97
1059,84,ACC101058,Investment,27358.71
1060,338,ACC101059,Current,32477.41
1061,250,ACC101060,Current,33311.46
1062,363,ACC101061,Investment,46450.5
1063,441,ACC101062,Savings,49841.37
1064,21,ACC101063,Credit,35448.19
1065,196,ACC101064,Credit,12935.5
1066,178,ACC101065,Credit,43747.12
1067,417,ACC101066,Savings,559.49
1068,475,ACC101067,Credit,10016.2
1069,7,ACC101068,Credit,44664.06
1070,70,ACC101069,Investment,11321.96
1071,127,ACC101070,Savings,9473.86
1072,399,ACC101071,Current,5182.52
1073,466,ACC101072,Investment,42673.81
1074,160,ACC101073,Investment,24003.03
1075,248,ACC101074,Current,33094.45
1076,203,ACC101075,Investment,10431.45
1077,148,ACC101076,Savings,37418.1
1078,472,ACC101077,Credit,37520.29
1079,143,ACC101078,Savings,14255.1
1080,432,ACC101079,Current,19355.5
1081,199,ACC101080,Current,8903.89
1082,405,ACC101081,Investment,48781.17
1083,426,ACC101082,Savings,31571.33
1084,154,ACC101083,Savings,46596.28
1085,492,ACC101084,Current,13776.05
1086,376,ACC101085,Savings,38658.33
1087,384,ACC101086,Current,37824.65
1088,142,ACC101087,Savings,33966.09
1089,313,ACC101088,Savings,48213.23
1090,165,ACC101089,Savings,18464.88
1091,314,ACC101090,Current,4797.3
1092,21,ACC101091,Investment,32928.86
1093,82,ACC101092,Savings,35924.11
1094,69,ACC101093,Current,27903.15
1095,131,ACC101094,Current,8754.53
1096,87,ACC101095,Savings,24231.71
1097,218,ACC101096,Savings,14233.87
1098,421,ACC101097,Investment,20228.26
1099,472,ACC101098,Current,31551.37
1100,305,ACC101099,Current,36751.17
1101,403,ACC101100,Credit,10075.68
1102,371,ACC101101,Current,19076.92
1103,345,ACC101102,Investment,11996.4
1104,341,ACC101103,Credit,8328.84
1105,384,ACC101104,Credit,38736.14
1106,396,ACC101105,Credit,45281.14
1107,445,ACC101106,Savings,17252.07
1108,425,ACC101107,Savings,37066.5
1109,161,ACC101108,Current,44643.76
1110,178,ACC101109,Credit,41998.46
1111,117,ACC101110,Investment,7506.3
1112,196,ACC101111,Savings,47727.18
1113,383,ACC101112,Investment,17587.17
1114,490,ACC101113,Investment,15640.51
1115,327,ACC101114,Savings,1246.43
1116,86,ACC101115,Savings,23281.03
1117,289,ACC101116,Savings,3668.71
1118,81,ACC101117,Savings,10924.07
1119,152,ACC101118,Credit,14481.02
1120,61,ACC101119,Credit,40058.97
1121,61,ACC101120,Credit,43525.41
1122,354,ACC101121,Credit,13728.25
1123,28,ACC101122,Current,42652.3
1124,442,ACC101123,Credit,42576.01
1125,43,ACC101124,Savings,37761.85
1126,169,ACC101125,Investment,5628.15
1127,423,ACC101126,Credit,33896.79
1128,86,ACC101127,Current,47141.25
1129,177,ACC101128,Savings,33492.1
1130,17,ACC101129,Investment,15244.08
1131,98,ACC101130,Investment,24030.12
1132,454,ACC101131,Credit,31577.7
1133,494,ACC101132,Investment,24549.66
1134,198,ACC101133,Credit,4237.55
1135,98,ACC101134,Credit,14227.33
1136,65,ACC101135,Savings,39724.59
1137,330,ACC101136,Savings,42793.74
1138,341,ACC101137,Current,5139.6
1139,5,ACC101138,Savings,47524.11
1140,2,ACC101139,Savings,15098.78
1141,22,ACC101140,Credit,32440.31
1142,112,ACC101141,Savings,37094.91
1143,57,ACC101142,Credit,40221.2
1144,66,ACC101143,Credit,47178.98
1145,330,ACC101144,Savings,14271.82
1146,98,ACC101145,Current,42642.34
1147,144,ACC101146,Current,4847.72
1148,368,ACC101147,Investment,34662.13
1149,435,ACC101148,Investment,36582.84
1150,125,ACC101149,Savings,33241.61
1151,167,ACC101150,Current,11120.37
1152,86,ACC101151,Credit,43398.24
1153,76,ACC101152,Investment,6780.64
1154,344,ACC101153,Credit,789.01
1155,495,ACC101154,Investment,35308.18
1156,424,ACC101155,Savings,22724.74
1157,294,ACC101156,Current,42153.1
1158,444,ACC101157,Investment,17936.65
1159,59,ACC101158,Current,6750.49
1160,138,ACC101159,Credit,41494.99
1161,99,ACC101160,Savings,26543.3
1162,192,ACC101161,Current,7838.18
1163,243,ACC101162,Savings,35459.97
1164,319,ACC101163,Current,24577.91
1165,49,ACC101164,Credit,29424.28
1166,448,ACC101165,Credit,21966.71
1167,32,ACC101166,Savings,41092.87
1168,391,ACC101167,Credit,41137.26
1169,277,ACC101168,Investment,34888.22
1170,20,ACC101169,Current,3480.87
1171,154,ACC101170,Credit,41620.4
1172,383,ACC101171,Investment,32892.67
1173,68,ACC101172,Savings,34245.26
1174,366,ACC101173,Investment,16875.11
1175,372,ACC101174,Savings,43722.54
1176,214,ACC101175,Savings,35719.32
1177,143,ACC101176,Current,3854.7
1178,376,ACC101177,Current,19204.46
1179,232,ACC101178,Investment,44091.78
1180,213,ACC101179,Current,454.23
1181,79,ACC101180,Current,47993.66
1182,214,ACC101181,Current,33316.45
1183,116,ACC101182,Investment,30831.55
1184,92,ACC101183,Credit,12069.08
1185,270,ACC101184,Current,10937.17
1186,411,ACC101185,Current,46987.03
1187,381,ACC101186,Investment,13510.17
1188,489,ACC101187,Credit,38326.28
1189,168,ACC101188,Current,18442.33
1190,58,ACC101189,Savings,5241.21
1191,284,ACC101190,Investment,-1442.8
1192,26,ACC101191,Current,26301.38
1193,369,ACC101192,Current,48740.5
1194,447,ACC101193,Savings,17195.08
1195,66,ACC101194,Savings,16574.0
1196,409,ACC101195,Investment,15892.76
1197,248,ACC101196,Investment,25068.28
1198,254,ACC101197,Savings,20914.57
1199,387,ACC101198,Investment,43755.56
1200,456,ACC101199,Savings,24287.08
1201,44,ACC101200,Current,24403.41
1202,97,ACC101201,Savings,5195.32
1203,42,ACC101202,Savings,49102.46
1204,500,ACC101203,Credit,10998.59
1205,227,ACC101204,Savings,1814.93
1206,262,ACC101205,Savings,32483.6
1207,167,ACC101206,Credit,28959.05
1208,436,ACC101207,Investment,19587.57
1209,279,ACC101208,Credit,19954.0
1210,89,ACC101209,Current,38823.32
1211,379,ACC101210,Credit,8177.06
1212,178,ACC101211,Current,40653.17
1213,427,ACC101212,Investment,31734.85
1214,403,ACC101213,Credit,19786.43
1215,197,ACC101214,Credit,21817.49
1216,307,ACC101215,Investment,11345.65
1217,267,ACC101216,Current,37109.95
1218,268,ACC101217,Credit,24669.49
1219,74,ACC101218,Current,14684.44
1220,8,ACC101219,Credit,28994.61
1221,408,ACC101220,Savings,49778.19
1222,476,ACC101221,Credit,20633.64
1223,297,ACC101222,Investment,45875.95
1224,164,ACC101223,Investment,15940.88
1225,485,ACC101224,Current,846.1
1226,85,ACC101225,Credit,8620.59
1227,72,ACC101226,Current,19772.15
1228,55,ACC101227,Current,9421.02
1229,393,ACC101228,Savings,-1988.19
1230,47,ACC101229,Savings,45580.08
1231,399,ACC101230,Investment,41881.73
1232,432,ACC101231,Current,36599.2
1233,238,ACC101232,Investment,6726.36
1234,104,ACC101233,Credit,4258.91
1235,210,ACC101234,Current,1515.45
1236,42,ACC101235,Current,35649.52
1237,316,ACC101236,Credit,46298.01
1238,468,ACC101237,Credit,20387.86
1239,454,ACC101238,Investment,4195.31
1240,268,ACC101239,Investment,24644.43
1241,386,ACC101240,Credit,16139.26
1242,263,ACC101241,Investment,17490.9
1243,336,ACC101242,Credit,30309.19
1244,387,ACC101243,Current,35373.34
1245,365,ACC101244,Current,3751.39
1246,259,ACC101245,Savings,-149.31
1247,283,ACC101246,Current,49705.18
1248,114,ACC101247,Credit,10101.87
1249,363,ACC101248,Investment,799.19
1250,40,ACC101249,Savings,7873.52
1251,486,ACC101250,Investment,25.81
1252,417,ACC101251,Credit,18374.17
1253,220,ACC101252,Current,39724.89
1254,129,ACC101253,Savings,15744.71
1255,8,ACC101254,Credit,21097.54
1256,101,ACC101255,Savings,33130.51
1257,416,ACC101256,Savings,24462.49
1258,380,ACC101257,Current,42795.18
1259,176,ACC101258,Credit,43033.86
1260,107,ACC101259,Investment,-1484.64
1261,101,ACC101260,Savings,38458.41
1262,260,ACC101261,Savings,21958.15
1263,478,ACC101262,Investment,49419.71
1264,454,ACC101263,Credit,23128.07
1265,366,ACC101264,Savings,49318.59
1266,246,ACC101265,Savings,37237.61
1267,275,ACC101266,Savings,10927.45
1268,32,ACC101267,Credit,25996.54
1269,137,ACC101268,Credit,49591.05
1270,12,ACC101269,Investment,42591.59
1271,395,ACC101270,Credit,3063.08
1272,302,ACC101271,Credit,34731.34
1273,375,ACC101272,Current,15970.14
1274,16,ACC101273,Investment,-1636.92
1275,129,ACC101274,Savings,18981.01
1276,63,ACC101275,Credit,10207.23
1277,109,ACC101276,Savings,40581.2
1278,375,ACC101277,Savings,15541.19
1279,21,ACC101278,Current,41031.23
1280,158,ACC101279,Credit,-1968.91
1281,269,ACC101280,Investment,14006.6
1282,162,ACC101281,Credit,10540.59
1283,260,ACC101282,Savings,10145.5
1284,412,ACC101283,Investment,1545.7
1285,102,ACC101284,Credit,7730.46
1286,223,ACC101285,Savings,26888.58
1287,59,ACC101286,Savings,13150.78
1288,247,ACC101287,Current,19704.53
1289,128,ACC101288,Current,17597.08
1290,283,ACC101289,Current,43547.06
1291,325,ACC101290,Savings,45075.55
1292,25,ACC101291,Credit,23633.76
1293,131,ACC101292,Current,15168.11
1294,353,ACC101293,Credit,3553.64
1295,196,ACC101294,Current,47576.95
1296,281,ACC101295,Investment,1131.8
1297,404,ACC101296,Investment,13477.81
1298,418,ACC101297,Current,13499.44
1299,154,ACC101298,Savings,14660.87
1300,382,ACC101299,Current,6542.92
1301,133,ACC101300,Current,38724.39
1302,227,ACC101301,Savings,4369.89
1303,189,ACC101302,Investment,31015.15
1304,476,ACC101303,Credit,4439.99
1305,477,ACC101304,Current,1667.85
1306,265,ACC101305,Savings,45290.33
1307,372,ACC101306,Current,7886.7
1308,486,ACC101307,Savings,40705.01
1309,434,ACC101308,Credit,26320.81
1310,134,ACC101309,Credit,2048.54
1311,211,ACC101310,Investment,47683.31
1312,60,ACC101311,Savings,10841.98
1313,428,ACC101312,Savings,42701.56
1314,377,ACC101313,Investment,6778.12
1315,395,ACC101314,Investment,42405.03
1316,450,ACC101315,Savings,-1312.1
1317,431,ACC101316,Investment,24612.58
1318,364,ACC101317,Credit,38011.01
1319,364,ACC101318,Current,46609.37
1320,457,ACC101319,Credit,45278.51
1321,213,ACC101320,Investment,40620.49
1322,216,ACC101321,Savings,44185.95
1323,226,ACC101322,Savings,8359.42
1324,470,ACC101323,Credit,12777.58
1325,131,ACC101324,Savings,13026.36
1326,76,ACC101325,Investment,17606.8
1327,476,ACC101326,Credit,18452.67
1328,286,ACC101327,Savings,26316.88
1329,474,ACC101328,Current,6313.75
1330,496,ACC101329,Current,33944.83
1331,277,ACC101330,Investment,6713.46
1332,156,ACC101331,Savings,14136.04
1333,248,ACC101332,Investment,24173.95
1334,218,ACC101333,Credit,39414.91
1335,190,ACC101334,Current,36452.4
1336,417,ACC101335,Credit,31567.79
1337,469,ACC101336,Savings,6100.21
1338,163,ACC101337,Investment,26446.36
1339,180,ACC101338,Investment,2547.22
1340,34,ACC101339,Investment,17622.89
1341,41,ACC101340,Credit,19502.86
1342,307,ACC101341,Current,70.19
1343,431,ACC101342,Credit,12247.38
1344,338,ACC101343,Credit,47693.77
1345,314,ACC101344,Savings,47588.9
1346,75,ACC101345,Savings,16321.01
1347,441,ACC101346,Savings,241.21
1348,279,ACC101347,Current,7312.94
1349,176,ACC101348,Current,18395.33
1350,384,ACC101349,Savings,47284.54
1351,150,ACC101350,Savings,5342.35
1352,273,ACC101351,Current,37702.82
1353,325,ACC101352,Investment,3651.49
1354,108,ACC101353,Current,49025.39
1355,139,ACC101354,Current,17844.06
1356,350,ACC101355,Current,38312.2
1357,271,ACC101356,Savings,15814.74
1358,347,ACC101357,Investment,30638.78
1359,419,ACC101358,Current,7984.84
1360,289,ACC101359,Savings,5593.09
1361,212,ACC101360,Credit,46779.34
1362,381,ACC101361,Credit,45717.66
1363,272,ACC101362,Current,44148.38
1364,418,ACC101363,Credit,30522.54
1365,66,ACC101364,Investment,40029.95
1366,483,ACC101365,Credit,1589.92
1367,424,ACC101366,Credit,15409.03
1368,248,ACC101367,Investment,14312.56
1369,156,ACC101368,Current,31053.56
1370,47,ACC101369,Current,16509.8
1371,423,ACC101370,Investment,5722.35
1372,454,ACC101371,Investment,29016.29
1373,201,ACC101372,Investment,40347.96
1374,148,ACC101373,Credit,17870.42
1375,124,ACC101374,Investment,4877.97
1376,1,ACC101375,Savings,8227.79
1377,456,ACC101376,Credit,10349.13
1378,247,ACC101377,Current,13594.67
1379,343,ACC101378,Current,31425.34
1380,128,ACC101379,Current,29249.17
1381,191,ACC101380,Credit,34196.15
1382,67,ACC101381,Savings,16850.1
1383,4,ACC101382,Investment,40847.88
1384,442,ACC101383,Investment,8612.56
1385,409,ACC101384,Current,22390.12
1386,303,ACC101385,Current,39648.81
1387,294,ACC101386,Credit,7368.25
1388,143,ACC101387,Savings,3712.88
1389,191,ACC101388,Investment,43951.57
1390,21,ACC101389,Credit,15832.34
1391,227,ACC101390,Investment,33561.25
1392,313,ACC101391,Current,-681.87
1393,117,ACC101392,Investment,33882.44
1394,437,ACC101393,Savings,14437.27
1395,302,ACC101394,Savings,898.52
1396,500,ACC101395,Current,29710.26
1397,142,ACC101396,Savings,10521.8
1398,484,ACC101397,Savings,18113.98
1399,460,ACC101398,Credit,2190.2
1400,401,ACC101399,Investment,5652.49
1401,39,ACC101400,Current,13494.82
1402,393,ACC101401,Current,2667.49
1403,355,ACC101402,Current,45362.97
1404,252,ACC101403,Current,-1685.55
1405,333,ACC101404,Current,23160.73
1406,207,ACC101405,Savings,4408.87
1407,210,ACC101406,Credit,13999.31
1408,115,ACC101407,Current,46155.1
1409,225,ACC101408,Credit,6408.12
1410,134,ACC101409,Credit,48223.28
1411,251,ACC101410,Savings,8701.31
1412,219,ACC101411,Current,36561.44
1413,407,ACC101412,Savings,26427.22
1414,443,ACC101413,Current,43992.89
1415,91,ACC101414,Savings,26807.65
1416,354,ACC101415,Credit,25797.08
1417,376,ACC101416,Current,8163.82
1418,46,ACC101417,Investment,6643.93
1419,38,ACC101418,Credit,45657.44
1420,142,ACC101419,Investment,15047.59
1421,100,ACC101420,Credit,17348.28
1422,328,ACC101421,Savings,37510.83
1423,190,ACC101422,Current,15618.82
1424,35,ACC101423,Credit,47507.25
1425,147,ACC101424,Savings,36372.24
1426,30,ACC101425,Current,29066.32
1427,334,ACC101426,Current,43806.55
1428,84,ACC101427,Credit,579.51
1429,369,ACC101428,Current,11367.26
1430,281,ACC101429,Credit,22181.89
1431,424,ACC101430,Current,9802.88
1432,344,ACC101431,Investment,36683.07
1433,270,ACC101432,Savings,45798.82
1434,154,ACC101433,Investment,20036.05
1435,102,ACC101434,Credit,15790.9
1436,215,ACC101435,Investment,48000.64
1437,150,ACC101436,Credit,21132.33
1438,432,ACC101437,Current,23430.52
1439,83,ACC101438,Current,16285.79
1440,110,ACC101439,Credit,45296.52
1441,435,ACC101440,Investment,27585.69
1442,387,ACC101441,Current,37633.08
1443,426,ACC101442,Savings,40213.95
1444,275,ACC101443,Current,15776.15
1445,201,ACC101444,Savings,20552.11
1446,284,ACC101445,Investment,42120.53
1447,468,ACC101446,Savings,16889.28
1448,173,ACC101447,Savings,39284.63
1449,327,ACC101448,Savings,46931.6
1450,206,ACC101449,Savings,30406.94
1451,63,ACC101450,Current,36564.62
1452,73,ACC101451,Savings,39865.06
1453,251,ACC101452,Current,41942.06
1454,124,ACC101453,Savings,18542.77
1455,375,ACC101454,Credit,665.7
1456,121,ACC101455,Investment,18897.57
1457,275,ACC101456,Savings,33035.32
1458,431,ACC101457,Credit,21418.22
1459,500,ACC101458,Savings,36946.08
1460,398,ACC101459,Savings,16563.09
1461,120,ACC101460,Savings,31006.7
1462,422,ACC101461,Credit,7693.83
1463,437,ACC101462,Investment,36967.21
1464,317,ACC101463,Credit,26376.19
1465,164,ACC101464,Investment,8611.35
1466,424,ACC101465,Savings,13179.38
1467,465,ACC101466,Current,36927.65
1468,286,ACC101467,Savings,23095.26
1469,265,ACC101468,Investment,9233.63
1470,320,ACC101469,Credit,48298.1
1471,161,ACC101470,Savings,35186.5
1472,376,ACC101471,Credit,47771.01
1473,308,ACC101472,Credit,20209.46
1474,89,ACC101473,Credit,22705.22
1475,142,ACC101474,Savings,44693.67
1476,203,ACC101475,Credit,25302.57
1477,309,ACC101476,Credit,34778.5
1478,227,ACC101477,Savings,11112.99
1479,489,ACC101478,Credit,21229.78
1480,443,ACC101479,Savings,4419.39
1481,334,ACC101480,Investment,8710.96
1482,222,ACC101481,Investment,-1950.94
1483,41,ACC101482,Investment,41.78
1484,196,ACC101483,Credit,48818.76
1485,68,ACC101484,Current,10602.39
1486,476,ACC101485,Current,32492.16
1487,264,ACC101486,Credit,41633.18
1488,2,ACC101487,Current,26634.34
1489,361,ACC101488,Savings,5963.51
1490,125,ACC101489,Current,35862.05
1491,110,ACC101490,Credit,29213.07
1492,86,ACC101491,Credit,36025.03
1493,425,ACC101492,Savings,38026.82
1494,120,ACC101493,Investment,48721.34
1495,127,ACC101494,Credit,27825.29
1496,255,ACC101495,Savings,15765.34
1497,183,ACC101496,Current,31720.16
1498,16,ACC101497,Current,1558.92
1499,477,ACC101498,Savings,44664.66
1500,62,ACC101499,Savings,4207.81
1501,369,ACC101500,Credit,15047.83
1502,432,ACC101501,Current,40418.76
1503,158,ACC101502,Savings,29060.24
1504,268,ACC101503,Current,18469.05
1505,35,ACC101504,Savings,22618.65
1506,267,ACC101505,Current,42436.46
1507,64,ACC101506,Investment,15680.23
1508,494,ACC101507,Credit,43221.78
1509,50,ACC101508,Current,2582.99
1510,469,ACC101509,Investment,38393.52
1511,255,ACC101510,Current,42072.48
1512,149,ACC101511,Current,7454.52
1513,325,ACC101512,Investment,20378.02
1514,304,ACC101513,Current,6605.99
1515,276,ACC101514,Current,34743.41
1516,357,ACC101515,Credit,25838.08
1517,451,ACC101516,Investment,31036.81
1518,172,ACC101517,Investment,8217.32
1519,417,ACC101518,Savings,9010.78
1520,201,ACC101519,Current,157.86
1521,445,ACC101520,Credit,14747.51
1522,393,ACC101521,Current,27106.72
1523,324,ACC101522,Current,42612.62
1524,35,ACC101523,Savings,32680.23
1525,465,ACC101524,Current,20640.61
1526,482,ACC101525,Credit,47562.25
1527,216,ACC101526,Credit,35400.75
1528,480,ACC101527,Savings,46368.59
1529,65,ACC101528,Current,25434.57
1530,8,ACC101529,Credit,11463.02
1531,301,ACC101530,Current,746.99
1532,343,ACC101531,Current,35756.41
1533,431,ACC101532,Current,4307.76
1534,424,ACC101533,Savings,13744.31
1535,332,ACC101534,Current,25688.49
1536,438,ACC101535,Credit,27349.66
1537,76,ACC101536,Current,29230.33
1538,174,ACC101537,Credit,6645.28
1539,47,ACC101538,Current,17746.35
1540,15,ACC101539,Credit,30094.1
1541,361,ACC101540,Credit,48430.58
1542,147,ACC101541,Current,35836.82
1543,26,ACC101542,Current,45975.4
1544,308,ACC101543,Credit,37635.03
1545,93,ACC101544,Investment,28769.28
1546,406,ACC101545,Savings,7985.22
1547,232,ACC101546,Investment,32667.65
1548,21,ACC101547,Investment,30415.74
1549,307,ACC101548,Current,29328.4
1550,38,ACC101549,Savings,23468.87
1551,276,ACC101550,Investment,25490.14
1552,157,ACC101551,Current,15391.01
1553,179,ACC101552,Investment,25004.26
1554,132,ACC101553,Investment,8272.91
1555,311,ACC101554,Current,39869.07
1556,455,ACC101555,Current,7660.4
1557,348,ACC101556,Current,2418.25
1558,28,ACC101557,Savings,20684.79
1559,260,ACC101558,Investment,32231.99
1560,406,ACC101559,Current,20761.27
1561,76,ACC101560,Credit,12391.21
1562,429,ACC101561,Investment,27024.9
1563,67,ACC101562,Credit,16044.12
1564,342,ACC101563,Savings,46509.12
1565,492,ACC101564,Current,45977.55
1566,194,ACC101565,Credit,24123.33
1567,472,ACC101566,Savings,15049.97
1568,162,ACC101567,Current,36330.89
1569,347,ACC101568,Credit,-90.93
1570,439,ACC101569,Credit,22687.99
1571,361,ACC101570,Savings,15488.82
1572,257,ACC101571,Current,45867.87
1573,72,ACC101572,Current,-1375.84
1574,87,ACC101573,Credit,26746.37
1575,422,ACC101574,Credit,36514.51
1576,262,ACC101575,Credit,23220.94
1577,214,ACC101576,Current,2440.96
1578,153,ACC101577,Savings,48567.99
1579,210,ACC101578,Savings,24936.54
1580,401,ACC101579,Current,29937.68
1581,61,ACC101580,Investment,10303.71
1582,268,ACC101581,Savings,23141.9
1583,262,ACC101582,Credit,20315.77
1584,218,ACC101583,Investment,1894.58
1585,283,ACC101584,Investment,3520.34
1586,136,ACC101585,Savings,41548.57
1587,467,ACC101586,Investment,10470.64
1588,380,ACC101587,Investment,8137.83
1589,362,ACC101588,Savings,24255.4
1590,449,ACC101589,Savings,37974.85
1591,441,ACC101590,Investment,1221.22
1592,93,ACC101591,Credit,27994.01
1593,109,ACC101592,Current,4198.94
1594,241,ACC101593,Investment,-104.03
1595,355,ACC101594,Investment,742.69
1596,424,ACC101595,Credit,41376.53
1597,142,ACC101596,Investment,4134.57
1598,291,ACC101597,Investment,347.87
1599,432,ACC101598,Current,20770.79
1600,237,ACC101599,Current,41887.66
1601,340,ACC101600,Current,11645.24
1602,312,ACC101601,Savings,19929.06
1603,177,ACC101602,Savings,75.97
1604,141,ACC101603,Current,21352.08
1605,189,ACC101604,Current,28035.88
1606,486,ACC101605,Savings,27687.17
1607,49,ACC101606,Credit,15286.19
1608,302,ACC101607,Investment,14407.73
1609,369,ACC101608,Investment,3544.43
1610,190,ACC101609,Current,17073.51
1611,136,ACC101610,Credit,3173.72
1612,43,ACC101611,Savings,37862.99
1613,404,ACC101612,Current,48246.26
1614,380,ACC101613,Credit,48443.87
1615,353,ACC101614,Credit,42983.7
1616,90,ACC101615,Credit,29241.19
1617,295,ACC101616,Savings,34445.02
1618,341,ACC101617,Savings,12830.7
1619,245,ACC101618,Investment,30800.06
1620,433,ACC101619,Investment,21693.78
1621,192,ACC101620,Credit,23064.9
1622,318,ACC101621,Credit,37404.38
1623,106,ACC101622,Savings,12659.75
1624,363,ACC101623,Investment,14538.06
1625,310,ACC101624,Credit,46081.37
1626,382,ACC101625,Investment,923.66
1627,233,ACC101626,Investment,23252.98
1628,265,ACC101627,Credit,45465.64
1629,344,ACC101628,Savings,29738.88
1630,37,ACC101629,Credit,26413.17
1631,305,ACC101630,Credit,10986.7
1632,41,ACC101631,Investment,15850.33
1633,17,ACC101632,Credit,42306.52
1634,344,ACC101633,Savings,27079.34
1635,277,ACC101634,Credit,24766.59
1636,307,ACC101635,Savings,3178.15
1637,59,ACC101636,Savings,-1166.54
1638,423,ACC101637,Investment,48111.63
1639,183,ACC101638,Current,17603.28
1640,41,ACC101639,Current,29367.08
1641,39,ACC101640,Investment,2145.18
1642,397,ACC101641,Credit,33521.94
1643,192,ACC101642,Investment,46493.47
1644,267,ACC101643,Savings,27934.59
1645,494,ACC101644,Current,4558.0
1646,147,ACC101645,Investment,28249.52
1647,395,ACC101646,Credit,37850.06
1648,333,ACC101647,Investment,19133.66
1649,127,ACC101648,Current,43751.56
1650,46,ACC101649,Investment,31731.51
1651,45,ACC101650,Investment,44760.94
1652,1,ACC101651,Current,30422.28
1653,168,ACC101652,Savings,4826.97
1654,108,ACC101653,Savings,14103.97
1655,19,ACC101654,Current,8493.34
1656,332,ACC101655,Investment,45258.98
1657,72,ACC101656,Current,37540.8
1658,456,ACC101657,Savings,33172.72
1659,445,ACC101658,Credit,13650.25
1660,109,ACC101659,Investment,7570.33
1661,268,ACC101660,Savings,37335.46
1662,445,ACC101661,Investment,22656.21
1663,240,ACC101662,Current,9741.06
1664,417,ACC101663,Credit,30064.34
1665,301,ACC101664,Current,97.36
1666,90,ACC101665,Credit,14960.85
1667,103,ACC101666,Investment,22364.96
1668,476,ACC101667,Investment,5693.83
1669,250,ACC101668,Current,49202.03
1670,453,ACC101669,Credit,8873.06
1671,8,ACC101670,Credit,4778.36
1672,153,ACC101671,Investment,8583.81
1673,347,ACC101672,Current,37991.18
1674,174,ACC101673,Credit,20126.29
1675,343,ACC101674,Investment,27401.63
1676,158,ACC101675,Savings,-907.52
1677,493,ACC101676,Current,-209.57
1678,431,ACC101677,Savings,21182.93
1679,215,ACC101678,Current,40466.07
1680,177,ACC101679,Investment,44032.42
1681,175,ACC101680,Credit,2508.74
1682,340,ACC101681,Credit,25994.88
1683,338,ACC101682,Credit,45487.94
1684,146,ACC101683,Current,18174.58
1685,450,ACC101684,Investment,41137.42
1686,324,ACC101685,Savings,4952.17
1687,478,ACC101686,Investment,46640.51
1688,161,ACC101687,Savings,37074.01
1689,127,ACC101688,Current,46949.39
1690,420,ACC101689,Current,33184.1
1691,82,ACC101690,Savings,16897.0
1692,485,ACC101691,Savings,46785.42
1693,147,ACC101692,Savings,12329.47
1694,239,ACC101693,Investment,15272.97
1695,412,ACC101694,Savings,34442.04
1696,424,ACC101695,Current,37796.45
1697,84,ACC101696,Current,46328.98
1698,113,ACC101697,Credit,8649.73
1699,225,ACC101698,Savings,39495.9
1700,332,ACC101699,Investment,36404.39
1701,378,ACC101700,Investment,1317.32
1702,243,ACC101701,Investment,18135.6
1703,143,ACC101702,Credit,12703.8
1704,41,ACC101703,Current,13833.5
1705,423,ACC101704,Investment,49113.24
1706,258,ACC101705,Current,31424.43
1707,447,ACC101706,Credit,35319.16
1708,285,ACC101707,Savings,48784.12
1709,105,ACC101708,Savings,17614.49
1710,202,ACC101709,Savings,39695.69
1711,450,ACC101710,Investment,20595.61
1712,307,ACC101711,Savings,43215.75
1713,331,ACC101712,Investment,7394.19
1714,461,ACC101713,Credit,47279.68
1715,266,ACC101714,Credit,9376.13
1716,398,ACC101715,Investment,14963.47
1717,210,ACC101716,Current,37322.0
1718,51,ACC101717,Savings,18475.27
1719,118,ACC101718,Savings,29626.99
1720,201,ACC101719,Savings,21117.82
1721,377,ACC101720,Investment,36603.24
1722,39,ACC101721,Credit,9873.23
1723,28,ACC101722,Savings,1039.82
1724,259,ACC101723,Credit,13596.33
1725,84,ACC101724,Savings,22664.05
1726,454,ACC101725,Savings,6737.04
1727,155,ACC101726,Investment,16449.46
1728,117,ACC101727,Current,18799.12
1729,2,ACC101728,Investment,984.38
1730,93,ACC101729,Savings,28331.98
1731,166,ACC101730,Savings,43985.86
1732,387,ACC101731,Current,5890.63
1733,400,ACC101732,Credit,29086.02
1734,350,ACC101733,Credit,32566.44
1735,296,ACC101734,Savings,19805.4
1736,258,ACC101735,Credit,34457.07
1737,81,ACC101736,Savings,19358.04
1738,425,ACC101737,Current,24241.14
1739,268,ACC101738,Current,-1617.64
1740,419,ACC101739,Savings,33969.45
1741,235,ACC101740,Current,32389.82
1742,321,ACC101741,Investment,-3.15
1743,311,ACC101742,Investment,17149.01
1744,301,ACC101743,Current,48909.66
1745,463,ACC101744,Savings,19878.3
1746,474,ACC101745,Savings,24101.16
1747,357,ACC101746,Current,45316.37
1748,213,ACC101747,Credit,35297.62
1749,62,ACC101748,Investment,28267.65
1750,49,ACC101749,Credit,39485.84
1751,127,ACC101750,Savings,42947.05
1752,223,ACC101751,Savings,21758.18
1753,409,ACC101752,Credit,22705.63
1754,279,ACC101753,Current,18074.65
1755,408,ACC101754,Credit,48268.72
1756,294,ACC101755,Credit,34252.65
1757,284,ACC101756,Investment,2327.6
1758,277,ACC101757,Investment,42873.9
1759,438,ACC101758,Credit,22989.12
1760,107,ACC101759,Credit,1575.2
1761,146,ACC101760,Savings,26585.3
1762,420,ACC101761,Investment,19692.54
1763,99,ACC101762,Investment,43642.97
1764,429,ACC101763,Savings,8607.72
1765,375,ACC101764,Current,40976.16
1766,73,ACC101765,Investment,26999.81
1767,437,ACC101766,Investment,839.74
1768,486,ACC101767,Current,48535.96
1769,122,ACC101768,Investment,24655.99
1770,30,ACC101769,Investment,13125.6
1771,188,ACC101770,Current,22409.16
1772,364,ACC101771,Current,42608.6
1773,354,ACC101772,Credit,13854.96
1774,288,ACC101773,Savings,8019.17
1775,451,ACC101774,Savings,4711.7
1776,195,ACC101775,Current,13488.69
1777,156,ACC101776,Current,38562.5
1778,172,ACC101777,Investment,22524.57
1779,335,ACC101778,Credit,9829.04
1780,41,ACC101779,Credit,6641.62
1781,63,ACC101780,Current,15301.93
1782,23,ACC101781,Investment,46876.07
1783,360,ACC101782,Investment,15837.39
1784,75,ACC101783,Savings,49382.45
1785,48,ACC101784,Savings,23231.98
1786,160,ACC101785,Investment,7316.52
1787,313,ACC101786,Savings,44339.28
1788,118,ACC101787,Current,21938.48
1789,100,ACC101788,Investment,34902.91
1790,380,ACC101789,Savings,49153.0
1791,417,ACC101790,Credit,609.12
1792,408,ACC101791,Investment,3028.12
1793,167,ACC101792,Investment,35463.75
1794,290,ACC101793,Credit,12654.9
1795,440,ACC101794,Current,7583.67
1796,156,ACC101795,Credit,46.82
1797,421,ACC101796,Investment,-863.97
1798,7,ACC101797,Current,38273.25
1799,196,ACC101798,Savings,4990.54
1800,421,ACC101799,Savings,22321.47
1801,56,ACC101800,Savings,29506.63
1802,321,ACC101801,Investment,20274.29
1803,193,ACC101802,Credit,-590.45
1804,47,ACC101803,Current,38742.08
1805,148,ACC101804,Savings,-1453.31
1806,275,ACC101805,Current,37618.27
1807,157,ACC101806,Investment,44451.83
1808,202,ACC101807,Savings,20507.68
1809,444,ACC101808,Investment,25848.21
1810,402,ACC101809,Credit,22803.14
1811,476,ACC101810,Investment,18238.85
1812,419,ACC101811,Investment,44146.08
1813,427,ACC101812,Credit,44484.54
1814,495,ACC101813,Current,15462.45
1815,479,ACC101814,Credit,29983.63
1816,475,ACC101815,Credit,46199.19
1817,126,ACC101816,Investment,48027.04
1818,395,ACC101817,Current,24465.87
1819,305,ACC101818,Savings,21546.89
1820,369,ACC101819,Credit,12492.1
1821,294,ACC101820,Current,47861.34
1822,64,ACC101821,Credit,5426.34
1823,325,ACC101822,Credit,28151.14
1824,392,ACC101823,Credit,12692.61
1825,418,ACC101824,Credit,12508.43
1826,176,ACC101825,Investment,19058.37
1827,116,ACC101826,Current,49937.23
1828,440,ACC101827,Current,858.25
1829,204,ACC101828,Current,28084.17
1830,486,ACC101829,Credit,2293.75
1831,321,ACC101830,Investment,6035.08
1832,31,ACC101831,Credit,20857.27
1833,388,ACC101832,Credit,24543.93
1834,113,ACC101833,Current,11457.21
1835,365,ACC101834,Credit,14455.77
1836,434,ACC101835,Savings,2522.29
1837,325,ACC101836,Credit,13767.43
1838,414,ACC101837,Savings,48261.04
1839,376,ACC101838,Credit,47124.78
1840,344,ACC101839,Investment,15413.67
1841,443,ACC101840,Investment,27684.4
1842,67,ACC101841,Current,45298.96
1843,75,ACC101842,Credit,-1678.44
1844,45,ACC101843,Savings,40155.55
1845,260,ACC101844,Savings,47315.22
1846,154,ACC101845,Credit,2748.94
1847,155,ACC101846,Savings,6395.28
1848,430,ACC101847,Investment,47958.81
1849,363,ACC101848,Savings,25952.09
1850,448,ACC101849,Current,-1261.78
1851,475,ACC101850,Investment,11396.86
1852,234,ACC101851,Investment,21397.07
1853,51,ACC101852,Investment,34031.26
1854,306,ACC101853,Credit,36124.34
1855,262,ACC101854,Credit,49761.92
1856,315,ACC101855,Investment,12950.58
1857,125,ACC101856,Credit,25987.45
1858,399,ACC101857,Savings,25732.82
1859,245,ACC101858,Credit,19093.55
1860,30,ACC101859,Credit,6796.42
1861,426,ACC101860,Investment,48827.74
1862,485,ACC101861,Current,42372.49
1863,122,ACC101862,Current,23913.32
1864,125,ACC101863,Current,29368.76
1865,37,ACC101864,Savings,9817.57
1866,170,ACC101865,Credit,26276.93
1867,124,ACC101866,Current,34138.45
1868,357,ACC101867,Investment,24788.69
1869,35,ACC101868,Current,49494.83
1870,87,ACC101869,Current,29789.77
1871,134,ACC101870,Credit,17290.63
1872,196,ACC101871,Credit,38151.91
1873,274,ACC101872,Credit,6864.05
1874,201,ACC101873,Savings,17994.82
1875,369,ACC101874,Savings,16041.87
1876,285,ACC101875,Current,20453.97
1877,77,ACC101876,Credit,38652.55
1878,59,ACC101877,Current,23177.0
1879,431,ACC101878,Investment,39288.75
1880,126,ACC101879,Investment,27977.42
1881,500,ACC101880,Credit,15787.61
1882,401,ACC101881,Credit,40118.89
1883,109,ACC101882,Investment,10391.06
1884,224,ACC101883,Credit,9667.91
1885,496,ACC101884,Savings,24234.15
1886,278,ACC101885,Savings,11564.16
1887,68,ACC101886,Credit,-1527.47
1888,69,ACC101887,Investment,31711.47
1889,165,ACC101888,Current,24576.88
1890,489,ACC101889,Credit,21166.93
1891,305,ACC101890,Credit,48282.36
1892,397,ACC101891,Current,27702.36
1893,162,ACC101892,Credit,42898.44
1894,365,ACC101893,Current,5251.41
1895,342,ACC101894,Investment,27598.74
1896,309,ACC101895,Savings,43134.94
1897,379,ACC101896,Investment,28321.5
1898,343,ACC101897,Savings,35336.74
1899,435,ACC101898,Current,17346.27
1900,387,ACC101899,Savings,2807.37
1901,42,ACC101900,Investment,21810.82
1902,354,ACC101901,Savings,18512.93
1903,416,ACC101902,Current,43087.13
1904,109,ACC101903,Savings,10687.76
1905,51,ACC101904,Credit,48270.18
1906,250,ACC101905,Investment,47823.18
1907,497,ACC101906,Credit,10876.85
1908,341,ACC101907,Current,16098.7
1909,430,ACC101908,Savings,44568.9
1910,383,ACC101909,Credit,48264.36
1911,492,ACC101910,Credit,21058.83
1912,21,ACC101911,Savings,14691.85
1913,300,ACC101912,Savings,25356.89
1914,139,ACC101913,Investment,33764.0
1915,359,ACC101914,Credit,12220.67
1916,324,ACC101915,Credit,36296.61
1917,499,ACC101916,Current,686.18
1918,385,ACC101917,Investment,563.31
1919,92,ACC101918,Current,18086.96
1920,447,ACC101919,Credit,16380.61
1921,280,ACC101920,Current,14412.93
1922,125,ACC101921,Credit,23533.03
1923,483,ACC101922,Credit,14678.15
1924,397,ACC101923,Current,7997.41
1925,111,ACC101924,Current,14092.42
1926,354,ACC101925,Savings,48695.02
1927,139,ACC101926,Savings,19377.9
1928,484,ACC101927,Savings,21125.06
1929,435,ACC101928,Credit,27980.34
1930,273,ACC101929,Current,49133.72
1931,99,ACC101930,Investment,10563.27
1932,252,ACC101931,Credit,33426.67
1933,338,ACC101932,Investment,35231.2
1934,104,ACC101933,Current,29580.87
1935,214,ACC101934,Credit,2606.07
1936,249,ACC101935,Investment,33197.36
1937,152,ACC101936,Investment,1332.92
1938,250,ACC101937,Savings,28999.42
1939,275,ACC101938,Savings,36458.22
1940,165,ACC101939,Savings,8970.43
1941,487,ACC101940,Credit,41764.34
1942,341,ACC101941,Current,-421.6
1943,8,ACC101942,Current,41878.27
1944,284,ACC101943,Savings,21937.11
1945,5,ACC101944,Savings,9314.57
1946,145,ACC101945,Savings,4956.46
1947,101,ACC101946,Investment,47571.97
1948,164,ACC101947,Savings,1778.61
1949,374,ACC101948,Investment,8352.86
1950,147,ACC101949,Current,16086.76
1951,64,ACC101950,Credit,30252.21
1952,91,ACC101951,Credit,26329.66
1953,117,ACC101952,Credit,4533.46
1954,354,ACC101953,Credit,13065.86
1955,267,ACC101954,Investment,10415.09
1956,310,ACC101955,Investment,9104.23
1957,173,ACC101956,Savings,19379.51
1958,47,ACC101957,Investment,34609.64
1959,140,ACC101958,Savings,9307.55
1960,246,ACC101959,Savings,17067.3
1961,149,ACC101960,Credit,18327.71
1962,246,ACC101961,Investment,48775.74
1963,395,ACC101962,Investment,47642.65
1964,487,ACC101963,Savings,39607.15
1965,476,ACC101964,Savings,10566.26
1966,5,ACC101965,Current,1537.94
1967,465,ACC101966,Current,14479.02
1968,184,ACC101967,Savings,11873.32
1969,20,ACC101968,Current,24308.14
1970,425,ACC101969,Current,38441.85
1971,46,ACC101970,Savings,42632.79
1972,12,ACC101971,Savings,41932.93
1973,70,ACC101972,Investment,16703.13
1974,17,ACC101973,Savings,33736.19
1975,371,ACC101974,Savings,14267.38
1976,147,ACC101975,Credit,1167.09
1977,154,ACC101976,Investment,34481.39
1978,304,ACC101977,Investment,-1488.97
1979,108,ACC101978,Investment,19277.49
1980,236,ACC101979,Credit,15127.72
1981,308,ACC101980,Savings,34055.63
1982,352,ACC101981,Investment,37844.76
1983,70,ACC101982,Investment,13812.92
1984,183,ACC101983,Current,40204.6
1985,250,ACC101984,Investment,13283.67
1986,228,ACC101985,Savings,21208.97
1987,102,ACC101986,Savings,35804.96
1988,75,ACC101987,Current,34031.85
1989,417,ACC101988,Investment,49343.16
1990,446,ACC101989,Investment,9708.37
1991,216,ACC101990,Investment,32440.53
1992,407,ACC101991,Credit,29703.46
1993,399,ACC101992,Investment,45585.12
1994,411,ACC101993,Savings,6130.83
1995,203,ACC101994,Savings,37093.5
1996,192,ACC101995,Credit,27549.97
1997,249,ACC101996,Credit,12282.63
1998,499,ACC101997,Investment,22670.62
1999,242,ACC101998,Current,15356.38
2000,465,ACC101999,Credit,28124.3
